,Unnamed: 0,program_name,program_url,minBounty,maxBounty
0,0,Hack for Men's health,/programs/teasers/FC5PB7qtMpJvLxM3cWrCSDQG,0,0
1,1,Zilliqa,/zilliqa,200,6000
2,2,Octopus,/octopus-og,150,3000
3,3,Cloudinary,/cloudinary,0,7000
4,4,Accellion Kiteworks Public Program,/accellion-public,250,10000
5,5,Skyscanner,/skyscanner,100,4000
6,6,RealSelf,/realself,200,4500
7,7,Binance,/binance,200,10000
8,8,Arkose Labs,/arkose-labs,100,2000
9,9,Okta,/okta,100,25000
10,10,Keeper Security Public Bounty Program,/keepersecurity,150,4500
11,11,Twilio,/twilio,100,12000
12,12,Jumbo Privacy,/jumboprivacy,200,4500
13,13,Canva,/canva,0,6000
14,14,A Patient Engagement Platform,/programs/teasers/dKJhahhbBJQ7FLqLXeAJGMY8,100,4000
15,15,BugPoC,/bugpoc-mbb,150,4000
16,16,Blend,/blend-vdp,0,0
17,17,"A design application for MacOS is looking to secure its assets - help out and receive rewards of up to $2,500!",/programs/teasers/fvxaHLDQ25Znja789ma8Jq5Z,100,1500
18,18,NeoPhotonics,/neophotonics,100,3500
19,19,eero,/eero,0,0
20,20,Fiat Chrysler Automobiles,/fca,150,7500
21,21,Personal Capital,/personalcapital,150,4000
22,22,Block.one Smart Contracts,/programs/teasers/pcShhVx4Tun9KcY3BE4Ncz9t,500,12000
23,23, Comcast Xfinity Vulnerability Disclosure Program,/comcastvdp,0,0
24,24,WestJet's Vulnerability Disclosure Program,/westjet-disclose,0,0
25,25,Sophos,/sophos,0,10000
26,26,iRobot,/irobot,200,7500
27,27,Leading digital transaction provider. New mobile targets introduced recently!,/programs/teasers/Jpzfw2e8eSJaYSjdN9TGiK8d,100,3000
28,28,Lime,/lime,100,5000
29,29,Centrify,/centrify,100,3000
30,30,FireEye Bug Bounty Program,/fireeye,50,2500
31,31,"Web, iOS, Android, and More Available for Testing on Conferencing Product ",/programs/teasers/5HQsizg8sd5onSVUzSNPYyJm,150,4500
32,32,Arlo Cash Rewards,/arlo,0,1200
33,33,Bitdefender,/bitdefender,100,5000
34,34,"Web, API, iOS and Android Applications in Ongoing Bounty Program",/programs/teasers/V8rjBFxupVP2t9xqommVvgXF,0,10000
35,35,Cybrary,/cybrary,0,0
36,36,ExpressVPN,/expressvpn,150,2500
37,37,Tesla,/tesla,100,15000
38,38,Viator,/viator,200,4500
39,39,Indeed,/indeed,0,10000
40,40,An established Internet technology company needs your help to secure their broad web and API scope!,/programs/teasers/xCSA3BdWAtsFeuJ4oWhUaKWY,200,4000
41,41,Customer Survey Application,/programs/teasers/ZeZo3gpD9wJGym8ugzCnoqiF,0,5000
42,42,Upwork,/upwork,120,5000
43,43,Credit Karma,/creditkarma,200,5000
44,44,Web & API targets require testing for an exciting open banking Fintech company!,/programs/teasers/gMtzoZ1UiSCrZ22ZVoTkGopc,150,2500
45,45,Mobile Network Monitoring at it's finest,/programs/teasers/UVoLcy2ragXwrS2ifYJq55oe,150,1500
46,46,"Access Points, Controllers, and Gateway Products",/programs/teasers/JbEmSR2TS4dsh5buWePqFS5x,150,1500
47,47,A Network Access Control Provider,/programs/teasers/7VFmYw1mboDRKHXJYUhWvrmc,150,1500
48,48,Socrata,/socrata,150,2500
49,49,A cloud-based translation platform needs your help to help secure their web and API targets!,/programs/teasers/B3ULt7tmegepSnmFbSdmbgHN,0,0
50,50,Cloudways,/cloudways,50,4000
51,51,An established software company is looking for talented researchers to help secure their broad web and API scope!,/programs/teasers/poDPNv8MqE1t3GntC8zGMvSi,100,2500
52,52,Safety First!,/programs/teasers/auGYMAudW3xRzkUm5mhBA9nh,150,5000
53,53,Unilever Vulnerability Disclosure Program,/unilever-vdp,0,0
54,54,Leading Video Game Company,/programs/teasers/EHWE7jsa6MwXyLhJ7AsP4tPE,100,2400
55,55,Be the Authority!,/programs/teasers/ihjPujsLBGznTPRDeRvLvYBL,100,1000
56,56,3 Easy payments,/programs/teasers/PYG4BcYhkMm668So9ZdYxvFh,150,2500
57,57,A payroll company is looking to the crowd to help maintain its security posture,/programs/teasers/jW2fWkt6rFnheo8PDCAd9d13,200,4500
58,58,Customer Feedback Platform,/programs/teasers/pSbLHw5kitMU4As1DcAyDqeo,0,5000
59,59,Web app testing for this privacy company's ongoing private bug bounty program.,/programs/teasers/LUeJM1LXfmsYNdorcJY3KmU2,100,2500
60,60,Online Survey Software tool,/programs/teasers/opjaCTB6DU8FZphycw1jmB1L,0,5000
61,61,TransferWise,/transferwise,100,4000
62,62,An international IT and telecommunications company would like your help to secure their API and Web targets! Can you help them? ,/programs/teasers/D6ktyjtr1GH2DVT3dsLw37oL,150,2500
63,63,"Automatic, Systematic",/programs/teasers/ptBb5dBZppXPxL5H4fqatAGb,100,1500
64,64,Takeaway.com,/takeaway,100,2500
65,65,Help secure mobile and web games,/programs/teasers/dhf4GrCCv5mpMr49dt25AUA3,150,4500
66,66,Apps for an app,/programs/teasers/pCUGM1UfiSfRdMh6WaBrKGS4,100,1500
67,67,Can you help an international bank secure their wide scope consisting of Web targets and API endpoints?,/programs/teasers/vMh3mTonKwL51WgVcNRVmWrc,0,3000
68,68,Application to find help around the house.,/programs/teasers/KQaKCY3q8wCF7GQyNjybbbYx,150,2100
69,69,Xfinity Home & xFi,/xfinity-home,0,3500
70,70,Algorand,/algorand,125,2500
71,71,Leading BioTech firm,/programs/teasers/mJuqBbrajVZMck72L2teD1Km,150,2500
72,72,Private program for cloud-based news platform,/programs/teasers/qNtAFjB4wvSjrtXsEsase6VF,150,2500
73,73,Cryptocurrency payment system,/programs/teasers/tSwYQmjuPaCBLG8Wh3uDtYgq,200,4500
74,74,"A Cryptocurrency payment system needs your help to secure multiple web applications, APIs and mobile applications!",/programs/teasers/Rp7kgWq5z8pit9UstPQbSmg9,200,4500
75,75,Vonage,/vonage,0,0
76,76,Boozt Fashion,/boozt-og,125,3000
77,77,Leading Financial Services Provider,/programs/teasers/igr3eY3VKg5ndyjuWqUxQ9KP,150,5000
78,78,BitDiscovery,/bitdiscovery,0,0
79,79,Click here to submit a support ticket!,/programs/teasers/dzLdTDyKibS7sbLurifaVrGk,0,0
80,80,Help secure an American healthcare provider’s API assets,/programs/teasers/5VqRm3tLw4kETHq95hGbwgJT,200,3000
81,81,Private program for web data visualizer plug-ins,/programs/teasers/NqPBZv1FQntcnjGu2ejXfeZR,100,1500
82,82,Gusto,/gusto,0,5000
83,83,Ibotta,/ibotta,100,5000
84,84,SDKs and APIs Oh My!,/programs/teasers/1Z21mCvj7Fkohij4GEv4L2mv,200,4500
85,85,Bigbank,/bigbank,0,0
86,86,TripAdvisor ,/tripadvisor-vdp,100,5000
87,87,MasterCard VDP,/mastercard-vdp,0,0
88,88,UK FinTech business banking mobile application,/programs/teasers/NrkF3VgMxU9gFeFEpysYzGc2,0,5000
89,89,Naspers,/naspers,0,0
90,90,Investing Application looks to secure Local Businesses,/programs/teasers/gEtsxQJAY8i6QgorsUG4bhAt,100,2500
91,91,Pinterest,/pinterest,0,15001
92,92,Large rewards on an API heavy program!,/programs/teasers/xEV8fiDcRXC2ki7Kp9aBZGJ6,200,4500
93,93,Atlassian,/atlassian,0,5000
94,94,HealthifyMe's Vulnerability Disclosure Program,/healthifyme,0,0
95,95,SEEK ,/seek,50,10000
96,96,Made in the USA,/programs/teasers/6dF5BFZpPHHTUJwzBY1PDJtb,200,4500
97,97,Land of the Free,/programs/teasers/iDZhypDohatBc57iUufGC1MG,200,4500
98,98,A Customer Experience Management Platform,/programs/teasers/5DevCUcovN6B4tcte4uSiYcK,0,3000
99,99,You Need a Budget (YNAB),/ynab,150,3000
100,100,Help secure an American healthcare provider’s web assets,/programs/teasers/vpoaHJiffxD1XYnnbKeMdwR2,100,2800
101,101,"Acorns Grow, Inc.",/acorns,200,3500
102,102,Better ,/better,100,1500
103,103,Algorand,/algorand-vdp,0,0
104,104,Financial Services Firm,/programs/teasers/kumhTMRPifLRha3ttg8KZDwh,0,5000
105,105,Leading Cybersecurity Solutions Provider,/programs/teasers/g55EBqXg4edagMyYHdWBRz3S,250,3500
106,106,Leading Payment Services Provider,/programs/teasers/oxLzmeeFNYwSr1My7oHzye52,100,3000
107,107,SoundCloud,/soundcloud,200,4500
108,108,WP Engine,/wpengine,0,0
109,109,Let's go secure this private program!,/programs/teasers/wz2XjLbMbdSSVadU4sTkDAgJ,125,3000
110,110,Mastercard (VDP Extension),/mastercard-vdp-ext,0,0
111,111,A leading web hosting provider,/programs/teasers/n17gKf24rZNDjs5MZPg2CvkQ,0,0
112,112,Financial Services Provider,/programs/teasers/2QPzmcExC5eNu2VF1K3BpWEw,100,3500
113,113,Blue Jeans Network,/bluejeans,0,2000
114,114,Test a unicorn in the airline ticketing and hotel booking industry!,/programs/teasers/vzeiF8HxunufJrbpNbdrma4g,100,2500
115,115,StackPath,/stackpath,0,0
116,116,"No hardware, no problem! Route your submissions here!",/programs/teasers/85QHLUn4xVHNMXnm5RnTXi5i,150,2500
117,117,Caffeine,/caffeine,150,5000
118,118,Vulnerabilities on isle 5!,/programs/teasers/CmAFeA8hWbJsUE5S6RTMzAqZ,225,4500
119,119,Dell Technologies,/dell,0,0
120,120,Redox,/redox,125,3000
121,121,Help Secure an Anti-Crime FinTech Application,/programs/teasers/8KNfwfm3QXy4HeKXYvL6fRRq,125,2000
122,122,Opsgenie,/opsgenie,100,1500
123,123,Transactional email service made for developers,/programs/teasers/9ivBQDeA2CPxgjupJES2JyLa,100,2000
124,124,Sprout Social,/sproutsocial,0,0
125,125,.,/programs/teasers/TLnfMNC1dwRLpUixkuToPb2B,200,4500
126,126,Telefónica Germany,/telefonicavdp,0,0
127,127,Today I Learned...,/programs/teasers/vzN6J6WNBTcH8wKrNPy2qJNc,0,2500
128,128,Zynga - Whitehat Points,/zynga-vdp,0,0
129,129,Operationalized Inspections Platform,/programs/teasers/YSbv7bW9maxXGL6m1dFrz4rw,150,2500
130,130,Western Union Kudos ,/westernunion-kudos,0,0
131,131,A multinational telecommunications is looking for top talent to secure their huge attack surface!,/programs/teasers/xgNf1nzd9GUNzAkA37uPpsoe,0,2000
132,132,Netflix,/netflix,200,20000
133,133,"Help secure an American healthcare provider’s API, web and mobile assets",/programs/teasers/31HdyjMajAJgMkE5hUB7jC2h,100,2800
134,134,"Exciting cloud-based iPad point of sale software company needs your help to secure their Web, API and mobile targets!",/programs/teasers/qBGsVZkQWfStg2RZq1qyFB4Z,50,3500
135,135,Workplace Misconduct reporting tool,/programs/teasers/2tGFGG44931uCUuXxfNn1a1m,150,2500
136,136,End to End Payment Solution,/programs/teasers/NN5Yd45gNJZdnVaEDPuqkmKH,100,3500
137,137,Directly,/directly,250,3000
138,138,Help make the cloud landscape more secure ,/programs/teasers/ZgTj3xvrZb2Mj7T796MJqMmz,200,4000
139,139,Digital Asset Marketplace Looking for Testers,/programs/teasers/8ydDkusWMXCAqv4e4CBr2sgt,100,2000
140,140,Professional Counselling Provider,/programs/teasers/dKZe19MnPivPJUoEgw3f5f4S,150,5000
141,141,Customer Experience and Resource Planning Applications,/programs/teasers/igumKmiWyvnL3qBXJeaFevFF,300,5000
142,142,The leader in transport fuels.,/programs/teasers/pinkJ5MeAb2fpEH1QkQA9uuS,150,2500
143,143,Mailgun ,/mailgun,100,1500
144,144,PlanetHoster,/planethosterinc,200,2500
145,145,Mathematical software solutions provider,/programs/teasers/eQuhxoBoidGUJpQZgWisbrrk,100,3500
146,146,USAA,/usaa,100,3000
147,147,PureVPN,/purevpn,50,1500
148,148,Trello,/trello,0,5000
149,149,Educational tool used by students worldwide,/programs/teasers/YnMCWcQy4ay1meH5zS4KmQe4,150,2000
150,150,Segment,/segment,100,1500
151,151,Overstock's Vulnerability Disclosure Page!,/overstockvdp,0,0
152,152,Help secure an American healthcare provider’s web assets,/programs/teasers/bTgxyayqEaWS6hqUJLruvaT9,0,2000
153,153,Arlo Kudos Rewards,/arlokudos,0,0
154,154,UNDER ARMOUR,/underarmour,0,0
155,155,Fleet Management Application ,/programs/teasers/XR31EGGTQjkxREVqi4RNwPXv,0,4500
156,156,Moneytree KK,/moneytreekkog,300,5000
157,157,Square Open Source,/squareopensource,100,10000
158,158,A consumer device maker is looking for help securing its hardware/software assets,/programs/teasers/rp9tjj4WKMn1yTz5VRv46ssZ,0,4000
159,159,Etsy,/etsy,100,10000
160,160,Cisco Meraki,/ciscomeraki,100,10000
161,161,GO-JEK,/gojek,200,5000
162,162,Bitdefender Box v2,/bitdefenderbox2,200,5000
163,163,SmartThings Vulnerability Disclosure,/smartthings,0,0
164,164,Optimizely,/optimizely,0,3000
165,165,Square,/square,300,5000
166,166,Fitbit,/fitbit,100,2500
167,167,FinTech provider ,/programs/teasers/muoeF4Rpqf48kDvaANUyG3QQ,150,3500
168,168,SAP Concur,/concur,0,0
169,169,Prescription Management Platform,/programs/teasers/NUxcwDvSVVYjULoeuoy1thjH,150,2500
170,170,Do you like games?,/programs/teasers/CVP3tvjhbJZP4tQ4TCscBuaT,150,2500
171,171,Sports and Gaming with Large Attack Surface,/programs/teasers/xyo5VQceR2kZ3ciNALTQeUKM,100,2000
172,172,Information Security Company's Ongoing Program,/programs/teasers/qEcxjGndRoGtHNobumXqvbSJ,150,2700
173,173,A Leading Learning Platform,/programs/teasers/qffLu4EbCbHbMpirYQMCGWut,100,1500
174,174,NETGEAR Cash Rewards,/netgear,150,1200
175,175,NETGEAR Kudos Rewards,/netgearkudos,0,0
176,176,Mobile Web Application in Healthcare,/programs/teasers/8jwMiFAD8rJsLDXHSbwShMv8,150,2500
177,177, 1Password,/agilebits,0,15000
178,178,Cloud Security Platform,/programs/teasers/gaCPhg1rSBNy9AeVKnmbi9Rv,0,0
179,179,Intercom,/intercom,100,5000
180,180,Leading Travel Company,/programs/teasers/LLxRJ9BynmzRBJFGVbZTQKxa,0,0
181,181,Healthcare Messaging Application looking to be secured,/programs/teasers/hBgB5aVjTSuo7EMcLveQmwVi,150,2500
182,182,Payment platform looking for bug hunters!,/programs/teasers/ZFU5tCmZVAJJc3W3y66eWdfb,0,5000
183,183,Secure Healthcare Application,/programs/teasers/Wt5HsxiwVaYAiSe2RYt4QhFg,150,2500
184,184,Splunk Enterprise,/programs/teasers/dJdv2FdCjveBAoLYhCm8hEPY,250,7500
185,185,HubSpot Responsible Disclosure,/hubspot,0,0
186,186,InVision ,/invision,25,500
187,187,Online Form Builder,/programs/teasers/Z5Um4X5BE7FTXZTuVYjHEmgJ,0,1500
188,188,LastPass,/lastpass,0,5000
189,189,Stream on!,/programs/teasers/yam5XzDQYwY7uZfGnsLwbAyq,100,3000
190,190,OWASP Java Encoder,/owaspjavaencoder,0,0
191,191,Help secure a shocking new eCommerce platform,/programs/teasers/BRTLEC2brLWovrqfpFoF7V3R,50,1000
192,192,"Constant Contact, Inc.",/constantcontact,0,0
193,193,mastercard,/mastercard,100,3000
194,194,OWASP CSRFGuard,/owaspcrsfguard,0,0
195,195,OWASP Java HTML Sanitizer,/owaspjavasanitizer,0,0
196,196,OWASP® ZAP,/owaspzap,0,1000
197,197,An exciting software company with a broad and varied scope!,/programs/teasers/CdHnBeeCFBVPYc1U1iUocDaa,100,3000
198,198,Kenna Security,/kennasecurity,50,4500
199,199,SecureDrop,/freedomofpress,100,2500
200,200,(ISC)²,/isc2,0,0
201,201,Western Union,/westernunion,100,5000
202,202,FoxyCart,/foxycart,0,250
203,203,"Appliances - Barracuda Networks, Inc.",/barracuda,0,0
204,204,Humble Bundle,/humblebundle,0,0
205,205,Pantheon,/pantheon,0,500
206,206,Statuspage,/statuspage,0,3000
207,207,WHMCS Client Management Portal,/whmcs,75,5000
208,208,Hack Me!,/hackme,100,10000
209,209,Bugcrowd,/bugcrowd,300,10000
